<ConsultarUrlNfseEnvio xmlns="http://www.abrasf.org.br/nfse.xsd">
	<Pedido>
		<Prestador>
			<CpfCnpj>
				<!--Obrigatório CPF ou CNPJ. Não enviar ambas as tags. -->
				<Cnpj>?</Cnpj>
				<Cpf>?</Cpf>
			</CpfCnpj>
			<!-- Obrigatório -->
			<InscricaoMunicipal>?</InscricaoMunicipal>
		</Prestador>
		<!-- Obrigatória uma das quatro opções. Informar IdentificacaoRps OU NumeroNfse OU  PeriodoEmissao OU PeriodoCompetencia. Não enviar mais de 1.-->
		<IdentificacaoRps>
			<!-- Obrigatório -->
			<Numero>?</Numero>
			<!-- Obrigatório -->
			<Serie>?</Serie>
			<!-- Obrigatório -->
			<Tipo>?</Tipo>
		</IdentificacaoRps>
		<NumeroNfse>?</NumeroNfse>
		<PeriodoEmissao>
			<DataInicial>?</DataInicial>
			<DataFinal>?</DataFinal>
		</PeriodoEmissao>
		<PeriodoCompetencia>
			<DataInicial>?</DataInicial>
			<DataFinal>?</DataFinal>
		</PeriodoCompetencia>
		<!-- Opcional -->
		<Tomador>
			<CpfCnpj>
				<!-- CPF ou CNPJ. Não enviar ambas as tags. -->
				<Cnpj>?</Cnpj>
				<Cpf>?</Cpf>
			</CpfCnpj>
			<InscricaoMunicipal>?</InscricaoMunicipal>
		</Tomador>
		<!-- Opcional -->
		<Intermediario>
			<CpfCnpj>
				<!-- CPF ou CNPJ. Não enviar ambas as tags. -->
				<Cnpj>?</Cnpj>
				<Cpf>?</Cpf>
			</CpfCnpj>
			<InscricaoMunicipal>?</InscricaoMunicipal>
		</Intermediario>
		<!-- Obrigatório -->
		<Pagina>?</Pagina>
	</Pedido>
	<Signature xmlns="http://www.w3.org/2000/09/xmldsig#">
		<SignedInfo>
			<CanonicalizationMethod Algorithm="http://www.w3.org/TR/2001/REC-xml-c14n-20010315"/>
			<SignatureMethod Algorithm="http://www.w3.org/2000/09/xmldsig#rsa-sha1"/>
			<Reference URI="">
				<Transforms>
					<Transform Algorithm="http://www.w3.org/2000/09/xmldsig#enveloped-signature"/>
				</Transforms>
				<DigestMethod Algorithm="http://www.w3.org/2000/09/xmldsig#sha1"/>
				<DigestValue>?</DigestValue>
			</Reference>
		</SignedInfo>
		<SignatureValue>?</SignatureValue>
		<KeyInfo>
			<X509Data>
				<X509Certificate>?</X509Certificate>
			</X509Data>
		</KeyInfo>
	</Signature>
</ConsultarUrlNfseEnvio>
